選手名,所属クラブ,クラブ勝点,試合数,リーグ知名度,試合出場数,得点,CA
沖野泰斗,バンディオンセ加古川,20,14,29,12,0,
赤谷直紀,バンディオンセ加古川,20,14,29,13,0,
小見恵吾,バンディオンセ加古川,20,14,29,8,2,
高田祥生,バンディオンセ加古川,20,14,29,13,0,
野村朋成,バンディオンセ加古川,20,14,29,13,0,
江坂巧,バンディオンセ加古川,20,14,29,10,2,
伊藤圭斗,バンディオンセ加古川,20,14,29,10,4,
原遥介,バンディオンセ加古川,20,14,29,2,0,
伏木一紘,バンディオンセ加古川,20,14,29,14,1,
村井宏起,バンディオンセ加古川,20,14,29,14,5,
澤居道,バンディオンセ加古川,20,14,29,5,0,
沖山正信,バンディオンセ加古川,20,14,29,13,1,
石山大地,バンディオンセ加古川,20,14,29,14,2,
山口愛騎,バンディオンセ加古川,20,14,29,1,0,
福田俊太,バンディオンセ加古川,20,14,29,10,0,
望月雅稀,バンディオンセ加古川,20,14,29,2,0,
水野竜,バンディオンセ加古川,20,14,29,2,0,
高瀬証,バンディオンセ加古川,20,14,29,9,1,
水頭廉,バンディオンセ加古川,20,14,29,4,0,
鈴木玲央,バンディオンセ加古川,20,14,29,13,0,
中林一樹,バンディオンセ加古川,20,14,29,12,3,
坂本慎治,バンディオンセ加古川,20,14,29,7,1,
中島健汰,バンディオンセ加古川,20,14,29,3,0,
原田亮,バンディオンセ加古川,20,14,29,4,0,
花岡諒,バンディオンセ加古川,20,14,29,1,0,
長瀬圭佑,バンディオンセ加古川,20,14,29,4,0,
松本文哉,バンディオンセ加古川,20,14,29,1,0,
金城賢司,レイジェンド滋賀,12,14,29,9,0,
山田大地,レイジェンド滋賀,12,14,29,12,2,
久保卓哉,レイジェンド滋賀,12,14,29,13,0,
町田太壱,レイジェンド滋賀,12,14,29,14,0,
廣畑香月,レイジェンド滋賀,12,14,29,10,0,
山田清人,レイジェンド滋賀,12,14,29,13,0,
杉本涼,レイジェンド滋賀,12,14,29,12,0,
川﨑圭亮,レイジェンド滋賀,12,14,29,12,1,
井上大介,レイジェンド滋賀,12,14,29,5,0,
小畑賄人,レイジェンド滋賀,12,14,29,14,5,
森崎有哉,レイジェンド滋賀,12,14,29,11,2,
長谷川慎梧,レイジェンド滋賀,12,14,29,14,3,
木村達哉,レイジェンド滋賀,12,14,29,5,1,
長谷川圭,レイジェンド滋賀,12,14,29,9,0,
中野拓海,レイジェンド滋賀,12,14,29,8,0,
太田俊輔,レイジェンド滋賀,12,14,29,2,0,
松下広樹,レイジェンド滋賀,12,14,29,7,0,
吉田実成都,レイジェンド滋賀,12,14,29,11,0,
飯塚稔也,レイジェンド滋賀,12,14,29,6,0,
上河健太,レイジェンド滋賀,12,14,29,3,0,
岡田慧,レイジェンド滋賀,12,14,29,6,0,
平山創士,レイジェンド滋賀,12,14,29,3,0,
堀田裕一郎,レイジェンド滋賀,12,14,29,1,0,
渡辺翔貴,レイジェンド滋賀,12,14,29,3,0,
三宅貴憲,おこしやす京都AC,34,14,29,1,0,53
内田錬平,おこしやす京都AC,34,14,29,13,4,65
森崎広樹,おこしやす京都AC,34,14,29,5,3,54
瓜生紘大,おこしやす京都AC,34,14,29,5,0,55
青木捷,おこしやす京都AC,34,14,29,12,0,
守屋鷹人,おこしやす京都AC,34,14,29,13,1,
高橋康平,おこしやす京都AC,34,14,29,10,0,55
清水良平,おこしやす京都AC,34,14,29,12,0,58
脇裕基,おこしやす京都AC,34,14,29,13,6,
YAKUBUNASSAMIbrahim,おこしやす京都AC,34,14,29,11,3,
勝又慶典,おこしやす京都AC,34,14,29,11,4,66
高橋俊樹,おこしやす京都AC,34,14,29,12,1,58
山本大稀,おこしやす京都AC,34,14,29,13,3,60
柿木亮介,おこしやす京都AC,34,14,29,10,1,
澤口雅彦,おこしやす京都AC,34,14,29,12,1,58
ERICKUMI,おこしやす京都AC,34,14,29,10,4,
本吉勇貴,おこしやす京都AC,34,14,29,12,0,57
田中憧,おこしやす京都AC,34,14,29,10,4,62
EMMANUELSABANLARYEA,おこしやす京都AC,34,14,29,8,1,
小久保裕也,おこしやす京都AC,34,14,29,6,1,50
杉山ビラル正将,おこしやす京都AC,34,14,29,1,0,40
池上尚孝,アルテリーヴォ和歌山,22,14,29,9,0,
角南裕太,アルテリーヴォ和歌山,22,14,29,14,1,
石垣徳之,アルテリーヴォ和歌山,22,14,29,5,0,45
三浦修,アルテリーヴォ和歌山,22,14,29,12,0,54
白明哲,アルテリーヴォ和歌山,22,14,29,13,0,
大北啓介,アルテリーヴォ和歌山,22,14,29,11,3,54
林祥太,アルテリーヴォ和歌山,22,14,29,14,2,62
宮下周歩,アルテリーヴォ和歌山,22,14,29,12,2,
山本廉,アルテリーヴォ和歌山,22,14,29,13,0,
堀野翔,アルテリーヴォ和歌山,22,14,29,11,1,54
久保裕一,アルテリーヴォ和歌山,22,14,29,14,11,73
安川常聖,アルテリーヴォ和歌山,22,14,29,7,0,43
白方淳也,アルテリーヴォ和歌山,22,14,29,7,2,
辻村剛史,アルテリーヴォ和歌山,22,14,29,5,0,48
高瀬龍舞,アルテリーヴォ和歌山,22,14,29,11,1,58
寺本健人,アルテリーヴォ和歌山,22,14,29,13,1,
松尾瑛太,アルテリーヴォ和歌山,22,14,29,7,0,48
松野大輝,アルテリーヴォ和歌山,22,14,29,6,1,48
川口真史,アルテリーヴォ和歌山,22,14,29,4,1,48
國廣周平,アルテリーヴォ和歌山,22,14,29,9,0,40
大野敬介,アルテリーヴォ和歌山,22,14,29,5,0,48
佐藤友,アルテリーヴォ和歌山,22,14,29,2,0,40
篠田朋宏,アルテリーヴォ和歌山,22,14,29,5,0,
村上拓人,アルテリーヴォ和歌山,22,14,29,3,0,45
唐木沢真也,アルテリーヴォ和歌山,22,14,29,1,1,
キローラン菜入,FC TIAMO枚方,33,14,29,1,0,53
樋口総,FC TIAMO枚方,33,14,29,14,0,56
守安陸,FC TIAMO枚方,33,14,29,11,0,
市川恵多,FC TIAMO枚方,33,14,29,14,0,65
田中英雄,FC TIAMO枚方,33,14,29,14,0,65
野沢拓也,FC TIAMO枚方,33,14,29,14,14,62
加藤博人,FC TIAMO枚方,33,14,29,14,2,60
小谷健悟,FC TIAMO枚方,33,14,29,5,0,52
多田将希,FC TIAMO枚方,33,14,29,9,0,
木田直樹,FC TIAMO枚方,33,14,29,14,11,60
山浦大和,FC TIAMO枚方,33,14,29,10,3,
濱中優俊,FC TIAMO枚方,33,14,29,13,5,
武田博行,FC TIAMO枚方,33,14,29,13,0,65
二川孝広,FC TIAMO枚方,33,14,29,6,3,50
曽我大地,FC TIAMO枚方,33,14,29,9,0,
福森大樹,FC TIAMO枚方,33,14,29,3,0,45
藤代健太,FC TIAMO枚方,33,14,29,8,0,
阿部翔,FC TIAMO枚方,33,14,29,8,0,48
吉村泰良,FC TIAMO枚方,33,14,29,10,0,
野原有希,FC TIAMO枚方,33,14,29,6,1,
上籔隼斗,AS.Laranja Kyoto,33,14,15,6,0,
福永和生,AS.Laranja Kyoto,33,14,15,13,1,
竹内智史,AS.Laranja Kyoto,33,14,15,9,1,
三好一輝,AS.Laranja Kyoto,33,14,15,10,3,
松本佳浩,AS.Laranja Kyoto,33,14,15,13,0,
中尾元基,AS.Laranja Kyoto,33,14,15,10,1,
大澤大樹,AS.Laranja Kyoto,33,14,15,14,6,52
山中宏基,AS.Laranja Kyoto,33,14,15,8,6,
安達敬祐,AS.Laranja Kyoto,33,14,15,10,3,
磯部隼也,AS.Laranja Kyoto,33,14,15,14,14,
河野大翔,AS.Laranja Kyoto,33,14,15,13,3,
山口拓哉,AS.Laranja Kyoto,33,14,15,11,1,45
楠田敏也,AS.Laranja Kyoto,33,14,15,3,0,38
大野将弥,AS.Laranja Kyoto,33,14,15,8,0,
廣岡拓,AS.Laranja Kyoto,33,14,15,4,0,
金子優,AS.Laranja Kyoto,33,14,15,2,0,37
中尾真那,AS.Laranja Kyoto,33,14,15,11,0,42
酒井翼,AS.Laranja Kyoto,33,14,15,7,2,
山内颯,AS.Laranja Kyoto,33,14,15,6,0,
大平智也,AS.Laranja Kyoto,33,14,15,1,0,35
山本啄也,AS.Laranja Kyoto,33,14,15,9,0,
矢城和哉,AS.Laranja Kyoto,33,14,15,1,0,35
溝川幸宏,AS.Laranja Kyoto,33,14,15,1,0,35
八木大地,AS.Laranja Kyoto,33,14,15,3,1,38
大石倭生,AS.Laranja Kyoto,33,14,15,1,0,35
則武柊吾,AS.Laranja Kyoto,33,14,15,1,0,35
関直人,ポルベニル飛鳥,29,14,15,1,0,35
塚田圭祐,ポルベニル飛鳥,29,14,15,12,1,
野本泰崇,ポルベニル飛鳥,29,14,15,12,1,42
吉岡尊志,ポルベニル飛鳥,29,14,15,14,0,40
吉田智尚,ポルベニル飛鳥,29,14,15,10,0,
下村育海,ポルベニル飛鳥,29,14,15,11,1,
大村英梨也,ポルベニル飛鳥,29,14,15,12,0,
山本賢也,ポルベニル飛鳥,29,14,15,8,1,
石橋友吾,ポルベニル飛鳥,29,14,15,7,0,
倉田大輝,ポルベニル飛鳥,29,14,15,8,2,
日高恕保,ポルベニル飛鳥,29,14,15,14,11,
河原択磨,ポルベニル飛鳥,29,14,15,13,2,40
池田智基,ポルベニル飛鳥,29,14,15,11,6,
正木語,ポルベニル飛鳥,29,14,15,1,0,
永井建成,ポルベニル飛鳥,29,14,15,13,0,
石原歩,ポルベニル飛鳥,29,14,15,13,6,
清水勇輝,ポルベニル飛鳥,29,14,15,11,1,
河原実輝,ポルベニル飛鳥,29,14,15,10,1,
新保誠,ポルベニル飛鳥,29,14,15,11,0,
沖田祥己,ポルベニル飛鳥,29,14,15,2,0,
渡部駿,ポルベニル飛鳥,29,14,15,1,1,35
深見裕矢,ポルベニル飛鳥,29,14,15,1,0,30
有馬巧,FC徳島,36,14,23,4,0,38
西川公章,FC徳島,36,14,23,9,0,
高志煌,FC徳島,36,14,23,14,2,45
天羽良輔,FC徳島,36,14,23,7,0,47
國分俊樹,FC徳島,36,14,23,13,3,57
巽拓也,FC徳島,36,14,23,7,0,45
是枝真伍,FC徳島,36,14,23,14,2,
山村脩平,FC徳島,36,14,23,2,0,40
秋月駿作,FC徳島,36,14,23,12,5,46
松本圭介,FC徳島,36,14,23,14,1,60
福崎冬也,FC徳島,36,14,23,14,5,53
中山竜介,FC徳島,36,14,23,10,5,
富永真央,FC徳島,36,14,23,12,7,
金原史敏,FC徳島,36,14,23,2,0,
中峯正博,FC徳島,36,14,23,6,2,
奥村南斗,FC徳島,36,14,23,13,12,50
井浦陽司,FC徳島,36,14,23,3,0,40
大森拓弥,FC徳島,36,14,23,4,0,35
中川将吾,FC徳島,36,14,23,6,0,40
石川雅博,FC徳島,36,14,23,11,3,
西村侑馬,FC徳島,36,14,23,3,2,
増尾汰一,FC徳島,36,14,23,3,0,
村山直樹,FC徳島,36,14,23,1,0,
荻野賢次郎,FC徳島,36,14,23,9,0,
高木卓,FC徳島,36,14,23,1,0,
西大輔,FC徳島,36,14,23,1,0,
西川諒祐,FC徳島,36,14,23,1,0,
広瀬良平,光洋シーリングテクノ,4,14,23,2,0,
岡田好史,光洋シーリングテクノ,4,14,23,13,0,
山本征矢,光洋シーリングテクノ,4,14,23,11,0,
近藤優,光洋シーリングテクノ,4,14,23,1,0,
香西恵介,光洋シーリングテクノ,4,14,23,13,0,
大向遼太郎,光洋シーリングテクノ,4,14,23,6,0,
種林大貴,光洋シーリングテクノ,4,14,23,11,2,20
小巻友希,光洋シーリングテクノ,4,14,23,13,1,
中川真也,光洋シーリングテクノ,4,14,23,3,0,
阿部顕大,光洋シーリングテクノ,4,14,23,2,0,
前田昌志,光洋シーリングテクノ,4,14,23,2,0,
濱柊平,光洋シーリングテクノ,4,14,23,10,0,
新居田一将,光洋シーリングテクノ,4,14,23,4,0,
平井帆人,光洋シーリングテクノ,4,14,23,2,0,
笠原琢馬,光洋シーリングテクノ,4,14,23,2,0,
立見隼人,光洋シーリングテクノ,4,14,23,3,0,
福島直樹,光洋シーリングテクノ,4,14,23,9,0,
上田拓也,光洋シーリングテクノ,4,14,23,11,1,
友成健吾,光洋シーリングテクノ,4,14,23,13,3,
登弘幸,光洋シーリングテクノ,4,14,23,8,1,
重本大弥,光洋シーリングテクノ,4,14,23,7,2,
東魁璃,光洋シーリングテクノ,4,14,23,3,0,
田上勇輝,光洋シーリングテクノ,4,14,23,3,1,12
下村冬藏,光洋シーリングテクノ,4,14,23,5,0,
由岐中史温,光洋シーリングテクノ,4,14,23,1,0,
中矢祥太,光洋シーリングテクノ,4,14,23,1,0,
樋口奨生,光洋シーリングテクノ,4,14,23,1,0,
竹谷康平,光洋シーリングテクノ,4,14,23,1,0,
堀剛彰,光洋シーリングテクノ,4,14,23,1,0,
藍原秀,光洋シーリングテクノ,4,14,23,2,0,
坂辺佳樹,光洋シーリングテクノ,4,14,23,5,0,
新開涼太,光洋シーリングテクノ,4,14,23,4,0,
川端駿介,光洋シーリングテクノ,4,14,23,4,0,
岩本陸,光洋シーリングテクノ,4,14,23,1,0,
杉原健太,光洋シーリングテクノ,4,14,23,1,0,
嶌田一臣,光洋シーリングテクノ,4,14,23,1,0,
高橋良平,新商クラブ,14,14,23,10,0,
伊藤良彰,新商クラブ,14,14,23,12,5,
佐藤稜大,新商クラブ,14,14,23,9,1,
越智大樹,新商クラブ,14,14,23,13,0,
鴻上雅也,新商クラブ,14,14,23,13,3,
横内政人,新商クラブ,14,14,23,12,0,
曽我部翔太,新商クラブ,14,14,23,11,1,
荒井康暉,新商クラブ,14,14,23,12,2,
加藤雄大,新商クラブ,14,14,23,9,0,
高橋宏樹,新商クラブ,14,14,23,11,3,
桂太希,新商クラブ,14,14,23,14,6,
繁本剛功,新商クラブ,14,14,23,12,0,
高橋周平,新商クラブ,14,14,23,9,0,
藤田晋太朗,新商クラブ,14,14,23,2,1,
奥野滉平,新商クラブ,14,14,23,10,1,
宮嶋剛瑠,新商クラブ,14,14,23,7,1,
越智康貴,新商クラブ,14,14,23,5,0,
鶴﨑光,新商クラブ,14,14,23,8,3,
黒木陸久,新商クラブ,14,14,23,3,0,
斉藤誠治,新商クラブ,14,14,23,1,0,
岡田紘明,新商クラブ,14,14,23,6,0,
田坂潤,新商クラブ,14,14,23,5,1,
木山典久,新商クラブ,14,14,23,1,0,
大坪裕典,llamas高知FC,10,14,23,8,0,25
稲田圭哉,llamas高知FC,10,14,23,10,1,30
川村怜,llamas高知FC,10,14,23,6,0,32
谷脇麻生,llamas高知FC,10,14,23,7,0,32
楠瀬教仁,llamas高知FC,10,14,23,5,0,22
久保添文則,llamas高知FC,10,14,23,12,0,28
浅井健祐,llamas高知FC,10,14,23,13,1,26
城前貴大,llamas高知FC,10,14,23,5,0,21
飯塚孝允,llamas高知FC,10,14,23,9,1,30
狩野大輔,llamas高知FC,10,14,23,11,0,28
川田怜生,llamas高知FC,10,14,23,9,0,
山田和弥,llamas高知FC,10,14,23,7,0,
中越一誓,llamas高知FC,10,14,23,12,0,30
小田智大,llamas高知FC,10,14,23,7,0,32
崎本賢人,llamas高知FC,10,14,23,7,0,18
橋田和樹,llamas高知FC,10,14,23,7,0,
藤田英史,llamas高知FC,10,14,23,4,0,18
小松大祐,llamas高知FC,10,14,23,2,0,20
井上大介,llamas高知FC,10,14,23,1,0,
田村嘉志,llamas高知FC,10,14,23,5,0,
山崎稜斗,llamas高知FC,10,14,23,10,2,24
竹内優太,llamas高知FC,10,14,23,7,4,
大田陸,llamas高知FC,10,14,23,9,0,25
有澤孝平,llamas高知FC,10,14,23,1,0,25
豊島唯斗,llamas高知FC,10,14,23,4,0,
岩崎将斗,llamas高知FC,10,14,23,2,0,
森脇嵩俊,llamas高知FC,10,14,23,3,0,
山崎陽平,llamas高知FC,10,14,23,5,1,
宮﨑一馬,llamas高知FC,10,14,23,4,0,
羽藤敏孝,llamas高知FC,10,14,23,1,0,
川尻慶太,多度津クラブ,18,14,23,13,0,38
黒田慎一郎,多度津クラブ,18,14,23,11,0,37
中土井稔,多度津クラブ,18,14,23,11,0,37
松島圭汰,多度津クラブ,18,14,23,6,0,
福島崇斗,多度津クラブ,18,14,23,9,0,
緒方俊寛,多度津クラブ,18,14,23,11,0,
大山泰雅,多度津クラブ,18,14,23,14,2,41
三原圭太,多度津クラブ,18,14,23,13,8,47
藤本拓真,多度津クラブ,18,14,23,11,3,42
野村一稀,多度津クラブ,18,14,23,12,0,38
馬場亮汰,多度津クラブ,18,14,23,10,3,
岡田倫太朗,多度津クラブ,18,14,23,1,0,29
白井辰輝,多度津クラブ,18,14,23,6,1,
浜辺真一,多度津クラブ,18,14,23,11,3,42
赤木達弥,多度津クラブ,18,14,23,2,0,30
福本恵介,多度津クラブ,18,14,23,5,0,
中村優仁,多度津クラブ,18,14,23,5,0,
小松大祐,多度津クラブ,18,14,23,1,0,29
崎本賢人,多度津クラブ,18,14,23,1,0,29
田村嘉志,多度津クラブ,18,14,23,1,0,29
堀川尚人,多度津クラブ,18,14,23,10,2,38
石井優河,多度津クラブ,18,14,23,9,0,
大西晃弘,多度津クラブ,18,14,23,8,0,
三木和也,多度津クラブ,18,14,23,2,0,30
伊勢田大樹,多度津クラブ,18,14,23,2,1,30
橋口一貴,アルヴェリオ高松,16,14,23,14,0,38
小松知詩,アルヴェリオ高松,16,14,23,10,0,36
小谷勇稀,アルヴェリオ高松,16,14,23,11,3,
浦上裕太,アルヴェリオ高松,16,14,23,11,1,
宗包理,アルヴェリオ高松,16,14,23,4,0,
浮田倫弘,アルヴェリオ高松,16,14,23,11,0,
竹谷康平,アルヴェリオ高松,16,14,23,10,0,
船津卓也,アルヴェリオ高松,16,14,23,7,1,
濱田大樹,アルヴェリオ高松,16,14,23,8,1,
田淵裕也,アルヴェリオ高松,16,14,23,9,2,
西岡武瑠,アルヴェリオ高松,16,14,23,9,4,
草薙諒一郎,アルヴェリオ高松,16,14,23,9,3,
齋藤浩太郎,アルヴェリオ高松,16,14,23,8,1,
藤田智光,アルヴェリオ高松,16,14,23,9,0,
樋口奨生,アルヴェリオ高松,16,14,23,5,0,
川田朋典,アルヴェリオ高松,16,14,23,6,0,
今井裕司,アルヴェリオ高松,16,14,23,6,0,
三好進之介,アルヴェリオ高松,16,14,23,2,0,
大住優介,アルヴェリオ高松,16,14,23,9,1,
中矢祥太,アルヴェリオ高松,16,14,23,5,4,
竹内大輔,アルヴェリオ高松,16,14,23,9,1,
大谷浩生,アルヴェリオ高松,16,14,23,2,0,
堀剛彰,アルヴェリオ高松,16,14,23,9,0,
平本侑馬,アルヴェリオ高松,16,14,23,1,0,
高橋直希,アルヴェリオ高松,16,14,23,6,0,
小松千泰,アルヴェリオ高松,16,14,23,4,0,
増田将,FC.ISE-SHIMA,34,14,29,14,0,58
倉田樹,FC.ISE-SHIMA,34,14,29,14,1,59
谷口力斗,FC.ISE-SHIMA,34,14,29,14,0,58
長谷川雄一,FC.ISE-SHIMA,34,14,29,4,0,46
佐々木僚太,FC.ISE-SHIMA,34,14,29,13,3,59
片田拓,FC.ISE-SHIMA,34,14,29,10,2,55
森優也,FC.ISE-SHIMA,34,14,29,14,0,57
真野直紀,FC.ISE-SHIMA,34,14,29,13,4,56
飯嶋隼人,FC.ISE-SHIMA,34,14,29,12,6,60
上松幹,FC.ISE-SHIMA,34,14,29,13,0,55
石場大豊,FC.ISE-SHIMA,34,14,29,14,6,
飛弾暁,FC.ISE-SHIMA,34,14,29,1,0,45
仲野哲矢,FC.ISE-SHIMA,34,14,29,10,0,
福家遼太郎,FC.ISE-SHIMA,34,14,29,4,0,46
北村誉樹,FC.ISE-SHIMA,34,14,29,4,1,46
西口亮城,FC.ISE-SHIMA,34,14,29,13,11,62
中田永一,FC.ISE-SHIMA,34,14,29,13,2,59
町野達哉,FC.ISE-SHIMA,34,14,29,1,0,45
岩本雄喜,FC.ISE-SHIMA,34,14,29,6,0,
松尾和樹,FC.ISE-SHIMA,34,14,29,11,0,56
宮崎耀,FC.ISE-SHIMA,34,14,29,2,0,46
松岡龍成,FC.ISE-SHIMA,34,14,29,2,0,46
白井秀典,FC.ISE-SHIMA,34,14,29,3,0,46
大石健太,矢崎バレンテFC,15,14,29,13,0,
津野匡哉,矢崎バレンテFC,15,14,29,11,0,
光澤和人,矢崎バレンテFC,15,14,29,9,0,
登崎雅貴,矢崎バレンテFC,15,14,29,13,1,
石垣勝矢,矢崎バレンテFC,15,14,29,11,0,
山本真也,矢崎バレンテFC,15,14,29,14,0,
鈴木貴也,矢崎バレンテFC,15,14,29,13,0,
大塚聖磨,矢崎バレンテFC,15,14,29,13,2,
藤田脩人,矢崎バレンテFC,15,14,29,13,4,
畑直樹,矢崎バレンテFC,15,14,29,11,5,
井口大輔,矢崎バレンテFC,15,14,29,7,4,
松村悠平,矢崎バレンテFC,15,14,29,4,0,
大石海斗,矢崎バレンテFC,15,14,29,1,0,
納本真宏,矢崎バレンテFC,15,14,29,10,1,
坂田和駿,矢崎バレンテFC,15,14,29,4,0,
中島清登,矢崎バレンテFC,15,14,29,5,0,
浅野拓也,矢崎バレンテFC,15,14,29,13,4,
大村颯士,矢崎バレンテFC,15,14,29,10,0,
望月天誠,矢崎バレンテFC,15,14,29,2,0,
福田悠斗,矢崎バレンテFC,15,14,29,10,1,
秋本涼平,矢崎バレンテFC,15,14,29,7,0,
望月大地,矢崎バレンテFC,15,14,29,4,0,
櫻井将人,矢崎バレンテFC,15,14,29,1,0,
鈴木質也,矢崎バレンテFC,15,14,29,1,0,
平出海,矢崎バレンテFC,15,14,29,3,0,
大石悠生,矢崎バレンテFC,15,14,29,1,0,
藤田祐平,矢崎バレンテFC,15,14,29,2,0,
杉山慶,矢崎バレンテFC,15,14,29,1,0,
高橋新一,藤枝市役所サッカー部,19,14,29,1,0,
田山翔,藤枝市役所サッカー部,19,14,29,10,0,
杉山琢磨,藤枝市役所サッカー部,19,14,29,11,0,
吉野宏彰,藤枝市役所サッカー部,19,14,29,11,0,
野中康平,藤枝市役所サッカー部,19,14,29,12,1,
村松一樹,藤枝市役所サッカー部,19,14,29,10,1,
鈴木侃太,藤枝市役所サッカー部,19,14,29,13,3,
森川龍乃介,藤枝市役所サッカー部,19,14,29,12,2,
小寺将意,藤枝市役所サッカー部,19,14,29,4,0,
齋藤哲,藤枝市役所サッカー部,19,14,29,10,3,
高橋祐樹,藤枝市役所サッカー部,19,14,29,13,13,61
中村龍一郎,藤枝市役所サッカー部,19,14,29,14,3,
秋田賢吾,藤枝市役所サッカー部,19,14,29,13,2,
鈴木蒼太朗,藤枝市役所サッカー部,19,14,29,9,1,
知識貴史,藤枝市役所サッカー部,19,14,29,13,0,
中島慎吾,藤枝市役所サッカー部,19,14,29,8,0,
塚田悠史,藤枝市役所サッカー部,19,14,29,9,0,
長澤勇希,藤枝市役所サッカー部,19,14,29,6,0,
白井悠太朗,藤枝市役所サッカー部,19,14,29,12,1,
大石元気,藤枝市役所サッカー部,19,14,29,6,0,
木村海斗,藤枝市役所サッカー部,19,14,29,1,1,
桑原将人,藤枝市役所サッカー部,19,14,29,1,0,
安藤寛和,藤枝市役所サッカー部,19,14,29,11,0,
和田直己,藤枝市役所サッカー部,19,14,29,2,0,
前原辰德,三菱自動車水島FC,47,18,25,18,1,
安田拓馬,三菱自動車水島FC,47,18,25,16,0,
内田健太郎,三菱自動車水島FC,47,18,25,18,4,60
鳴海達也,三菱自動車水島FC,47,18,25,15,1,
山村天侍,三菱自動車水島FC,47,18,25,14,3,
齋藤和磨,三菱自動車水島FC,47,18,25,7,1,
森迫良太,三菱自動車水島FC,47,18,25,18,2,
水野僚太郎,三菱自動車水島FC,47,18,25,10,0,
宮澤龍二,三菱自動車水島FC,47,18,25,18,23,65
高瀬翔太,三菱自動車水島FC,47,18,25,16,10,64
原田顕介,三菱自動車水島FC,47,18,25,17,9,
山部晃,三菱自動車水島FC,47,18,25,10,0,
鶴丸貴之,三菱自動車水島FC,47,18,25,17,1,56
中川知也,三菱自動車水島FC,47,18,25,18,3,
中井レアーズ,三菱自動車水島FC,47,18,25,16,2,52
人見蓮,三菱自動車水島FC,47,18,25,1,0,
竺原望海,三菱自動車水島FC,47,18,25,2,0,
成瀬利通,三菱自動車水島FC,47,18,25,2,0,
滝裕德,三菱自動車水島FC,47,18,25,18,0,
倉本晃司,富士ゼロックス広島SC,22,18,25,10,0,37
小林祐輝,富士ゼロックス広島SC,22,18,25,17,0,40
半田翔一,富士ゼロックス広島SC,22,18,25,15,0,39
木村圭佑,富士ゼロックス広島SC,22,18,25,11,2,38
吉野晋矢,富士ゼロックス広島SC,22,18,25,15,0,39
焼中翔平,富士ゼロックス広島SC,22,18,25,3,0,
阿部孝,富士ゼロックス広島SC,22,18,25,18,8,
山下鉄平,富士ゼロックス広島SC,22,18,25,16,1,
米澤謙,富士ゼロックス広島SC,22,18,25,16,5,
川上真吾,富士ゼロックス広島SC,22,18,25,8,1,
川原広大,富士ゼロックス広島SC,22,18,25,6,1,
竹内宥人,富士ゼロックス広島SC,22,18,25,3,0,
竹崎健治,富士ゼロックス広島SC,22,18,25,10,2,
小木曽正悟,富士ゼロックス広島SC,22,18,25,12,1,
中野悠里,富士ゼロックス広島SC,22,18,25,13,3,
山中広太,富士ゼロックス広島SC,22,18,25,15,1,
兼重修,富士ゼロックス広島SC,22,18,25,11,0,
田中重幸,富士ゼロックス広島SC,22,18,25,14,2,
峯恭平,富士ゼロックス広島SC,22,18,25,17,1,
岡大樹,富士ゼロックス広島SC,22,18,25,8,0,
原弘明,浜田FCコスモス,12,18,25,0,0,
長谷川淳一,浜田FCコスモス,12,18,25,1,0,
枝川裕太,浜田FCコスモス,12,18,25,13,1,
森川一平,浜田FCコスモス,12,18,25,18,2,
堀大造,浜田FCコスモス,12,18,25,14,0,
辻聖哉,浜田FCコスモス,12,18,25,0,0,
夏富悠仁,浜田FCコスモス,12,18,25,6,1,
小野川光一,浜田FCコスモス,12,18,25,17,5,
三浦健太郎,浜田FCコスモス,12,18,25,17,2,
藤村匡,浜田FCコスモス,12,18,25,4,0,
柴田鍊,浜田FCコスモス,12,18,25,18,2,
細谷裕久,浜田FCコスモス,12,18,25,3,0,
上野拓郎,浜田FCコスモス,12,18,25,2,0,
沖野賢治,浜田FCコスモス,12,18,25,18,0,
德田僚,浜田FCコスモス,12,18,25,14,1,25
広瀬晴太,浜田FCコスモス,12,18,25,17,1,27
佐々木龍一,浜田FCコスモス,12,18,25,14,1,25
大石起都登,浜田FCコスモス,12,18,25,16,0,
山根真人,浜田FCコスモス,12,18,25,6,0,
竹重直哉,浜田FCコスモス,12,18,25,2,0,
佐藤啓太,浜田FCコスモス,12,18,25,16,0,26
廣畑明彦,浜田FCコスモス,12,18,25,18,3,
西坂千尋,浜田FCコスモス,12,18,25,17,0,26
渡利正樹,浜田FCコスモス,12,18,25,14,0,25
冨山裕史,NTN岡山,18,18,25,16,0,
坂口宙,NTN岡山,18,18,25,12,0,
松葉健人,NTN岡山,18,18,25,18,1,
山田尚史,NTN岡山,18,18,25,15,0,
黒瀬大地,NTN岡山,18,18,25,13,0,
根岸明生,NTN岡山,18,18,25,15,2,
安東祐二,NTN岡山,18,18,25,8,1,
田中建次,NTN岡山,18,18,25,12,3,
石本湧輝,NTN岡山,18,18,25,17,8,
廣瀬侑希,NTN岡山,18,18,25,10,0,
岩本崚,NTN岡山,18,18,25,18,0,
土岩純,NTN岡山,18,18,25,16,1,
貞森優作,NTN岡山,18,18,25,17,4,
森本凌己,NTN岡山,18,18,25,2,0,
大邊鉄人,NTN岡山,18,18,25,6,0,
江口陽貴,NTN岡山,18,18,25,13,2,
下山航基,NTN岡山,18,18,25,16,3,
東連太郎,NTN岡山,18,18,25,4,0,
田中悠稀,NTN岡山,18,18,25,3,0,
上田真宏,NTN岡山,18,18,25,1,0,
出原稜太,NTN岡山,18,18,25,15,0,
青木昭雄,NTN岡山,18,18,25,3,0,
山崎道隆,廿日市FC,8,18,25,10,0,
木下諒,廿日市FC,8,18,25,17,1,
佐藤直,廿日市FC,8,18,25,10,1,
田中崚平,廿日市FC,8,18,25,12,1,
末川正裕,廿日市FC,8,18,25,18,3,
篠原成紀,廿日市FC,8,18,25,12,0,
山本直樹,廿日市FC,8,18,25,1,1,
國田缶杜,廿日市FC,8,18,25,3,0,
岩井直,廿日市FC,8,18,25,6,0,
倉本秀昭,廿日市FC,8,18,25,7,2,
福井海斗,廿日市FC,8,18,25,16,4,
岡本風雅,廿日市FC,8,18,25,10,1,
在川至,廿日市FC,8,18,25,14,1,
秋山大騎,廿日市FC,8,18,25,10,0,
中川大貴,廿日市FC,8,18,25,15,1,
合川和弥,廿日市FC,8,18,25,16,2,
二井田颯,廿日市FC,8,18,25,16,0,
中島和步,廿日市FC,8,18,25,12,2,
玉井亮平,廿日市FC,8,18,25,8,0,
鉄田悠貴,廿日市FC,8,18,25,13,1,
イナミネ・アントニー,廿日市FC,8,18,25,2,0,
原紺一樹,廿日市FC,8,18,25,14,1,
田中龍之介,廿日市FC,8,18,25,4,0,
足立文明,JXTGエネルギー水島,27,18,25,13,0,
山口明裕,JXTGエネルギー水島,27,18,25,6,0,
松下基樹,JXTGエネルギー水島,27,18,25,6,2,
藤定明洋,JXTGエネルギー水島,27,18,25,13,0,
舟場弘貴,JXTGエネルギー水島,27,18,25,7,0,
白神叡,JXTGエネルギー水島,27,18,25,18,3,
田邊大祐,JXTGエネルギー水島,27,18,25,4,0,
室田望,JXTGエネルギー水島,27,18,25,7,0,
青井昌也,JXTGエネルギー水島,27,18,25,7,0,
鈴木隆之,JXTGエネルギー水島,27,18,25,16,5,
竹田健人,JXTGエネルギー水島,27,18,25,18,4,
中村佳貴,JXTGエネルギー水島,27,18,25,15,6,
小林大輔,JXTGエネルギー水島,27,18,25,5,0,
井原俊明,JXTGエネルギー水島,27,18,25,4,0,
板野充泰,JXTGエネルギー水島,27,18,25,15,6,
水畑勇人,JXTGエネルギー水島,27,18,25,0,0,
朝原拓也,JXTGエネルギー水島,27,18,25,7,0,
朝原康平,JXTGエネルギー水島,27,18,25,17,1,
洲脇俊,JXTGエネルギー水島,27,18,25,17,1,
梶原陸 ,JXTGエネルギー水島,27,18,25,18,1,
有吉亮稀,JXTGエネルギー水島,27,18,25,18,6,
多田新平,JXTGエネルギー水島,27,18,25,1,0,
吉井陸,JXTGエネルギー水島,27,18,25,14,4,
荒金貫誠,JXTGエネルギー水島,27,18,25,7,0,
相原剛,SRC広島,47,18,25,18,0,
常森恭平,SRC広島,47,18,25,9,2,49
福元優貴,SRC広島,47,18,25,6,1,45
松岡祐介,SRC広島,47,18,25,14,1,53
坪根毅士,SRC広島,47,18,25,12,2,52
石橋遼,SRC広島,47,18,25,8,0,45
藤堂拓真,SRC広島,47,18,25,16,0,54
横井恵一,SRC広島,47,18,25,4,3,47
炭廣翔,SRC広島,47,18,25,10,12,56
林遥,SRC広島,47,18,25,17,15,
ジェローム・アウドゥ,SRC広島,47,18,25,1,0,
長谷川博一,SRC広島,47,18,25,4,0,
吉浦涼太,SRC広島,47,18,25,12,1,
日高直,SRC広島,47,18,25,4,0,
石上裕也,SRC広島,47,18,25,9,0,
前原翼,SRC広島,47,18,25,17,10,57
山田帆久斗,SRC広島,47,18,25,12,1,
田口翔輝,SRC広島,47,18,25,1,0,
咲賀翔平,SRC広島,47,18,25,10,0,
中本真彰,SRC広島,47,18,25,1,0,
市地功樹,SRC広島,47,18,25,15,1,
川井裕哉,SRC広島,47,18,25,14,2,
國師龍也,SRC広島,47,18,25,1,0,
横路翔太,SRC広島,47,18,25,16,5,
木下卓哉,SRC広島,47,18,25,16,5,
杉浦純平,SRC広島,47,18,25,10,0,
西川充,FCバレイン下関,32,18,25,18,0,
吉沢凛太郎,FCバレイン下関,32,18,25,17,2,
長宏哉,FCバレイン下関,32,18,25,7,0,
中川心平,FCバレイン下関,32,18,25,10,0,
須子輝太郎,FCバレイン下関,32,18,25,18,2,
冲田康佑,FCバレイン下関,32,18,25,15,0,
孫正倫,FCバレイン下関,32,18,25,17,8,
竹田裕昭,FCバレイン下関,32,18,25,6,0,
森本惟人,FCバレイン下関,32,18,25,15,1,
佐久間大樹,FCバレイン下関,32,18,25,16,0,
五月女涼,FCバレイン下関,32,18,25,4,0,
田村隆生,FCバレイン下関,32,18,25,1,0,
馬越利樹,FCバレイン下関,32,18,25,1,0,
法龍院実祐,FCバレイン下関,32,18,25,1,0,
東條翔太,FCバレイン下関,32,18,25,1,0,
本光碧意,FCバレイン下関,32,18,25,1,0,
田原伊織,FCバレイン下関,32,18,25,14,3,
猪本直家,FCバレイン下関,32,18,25,10,1,
安片政人,FCバレイン下関,32,18,25,16,0,
清水辰之輔,FCバレイン下関,32,18,25,2,0,
橘木郁弥,FCバレイン下関,32,18,25,8,3,
大賀優将,FCバレイン下関,32,18,25,11,1,
霜出優斗,FCバレイン下関,32,18,25,16,9,
林慎太郎,FCバレイン下関,32,18,25,11,3,
大枝正和,FCバレイン下関,32,18,25,1,0,
岩村勝利,FCバレイン下関,32,18,25,18,12,
塩崎謙人,FCバレイン下関,32,18,25,6,0,
細田直弥,原田鋼業FC,11,18,25,2,0,
田中海駿,原田鋼業FC,11,18,25,1,0,
渡邊駿,原田鋼業FC,11,18,25,3,0,
永島大地,原田鋼業FC,11,18,25,8,0,
廣中智行,原田鋼業FC,11,18,25,14,1,
赤松芳美,原田鋼業FC,11,18,25,4,0,
皿谷圭史郎,原田鋼業FC,11,18,25,15,0,
杉山佳樹,原田鋼業FC,11,18,25,17,0,
西岡大介,原田鋼業FC,11,18,25,17,3,
谷森稜太郎,原田鋼業FC,11,18,25,7,0,
高橋純平,原田鋼業FC,11,18,25,9,2,
大國仁史,原田鋼業FC,11,18,25,12,4,
藤田拓巳,原田鋼業FC,11,18,25,3,0,
竹国浩希,原田鋼業FC,11,18,25,2,0,
中山圭,原田鋼業FC,11,18,25,15,0,
大宮隆太郎,原田鋼業FC,11,18,25,8,1,
皿谷好乃介,原田鋼業FC,11,18,25,13,0,
黒川達也,原田鋼業FC,11,18,25,0,0,
川崎慧,原田鋼業FC,11,18,25,3,0,
吉岡滉瑛,原田鋼業FC,11,18,25,11,1,
村尾大紀,原田鋼業FC,11,18,25,7,0,
藤浦新太郎,原田鋼業FC,11,18,25,16,1,
尾泉大樹,原田鋼業FC,11,18,25,14,1,
谷村友飛,原田鋼業FC,11,18,25,5,0,
原田茂,原田鋼業FC,11,18,25,0,0,
花崎岳,原田鋼業FC,11,18,25,4,0,
中島圭大,原田鋼業FC,11,18,25,4,0,
古川直哉,原田鋼業FC,11,18,25,8,0,
片岡大基,原田鋼業FC,11,18,25,1,0,
小村誠,原田鋼業FC,11,18,25,1,0,
小山雄大,原田鋼業FC,11,18,25,11,0,
平加涼,ノルブリッツ北海道ＦＣ,27,14,21,7,0,45
長谷川展浩,ノルブリッツ北海道ＦＣ,27,14,21,14,0,
永井晃輔,ノルブリッツ北海道ＦＣ,27,14,21,8,0,50
倉谷悠太,ノルブリッツ北海道ＦＣ,27,14,21,13,1,48
榊原駿介,ノルブリッツ北海道ＦＣ,27,14,21,10,1,
小玉翼,ノルブリッツ北海道ＦＣ,27,14,21,11,1,
有働麻人,ノルブリッツ北海道ＦＣ,27,14,21,13,3,45
三浦功司,ノルブリッツ北海道ＦＣ,27,14,21,6,0,
鈴木貴大,ノルブリッツ北海道ＦＣ,27,14,21,14,6,50
牛之濱容,ノルブリッツ北海道ＦＣ,27,14,21,5,1,
淺井勇気,ノルブリッツ北海道ＦＣ,27,14,21,13,19,55
渡邉悠貴,ノルブリッツ北海道ＦＣ,27,14,21,10,2,
小野能寛,ノルブリッツ北海道ＦＣ,27,14,21,9,0,
数川智哉,ノルブリッツ北海道ＦＣ,27,14,21,14,10,
岡田滉平,ノルブリッツ北海道ＦＣ,27,14,21,6,0,
土谷流星,ノルブリッツ北海道ＦＣ,27,14,21,13,2,
土田真也,ノルブリッツ北海道ＦＣ,27,14,21,11,0,45
山端光,ノルブリッツ北海道ＦＣ,27,14,21,4,0,
国井幸平,ノルブリッツ北海道ＦＣ,27,14,21,6,0,
福永浩哉,ノルブリッツ北海道ＦＣ,27,14,21,6,0,
松本鴻太,ノルブリッツ北海道ＦＣ,27,14,21,4,1,
伊古田健夫,ノルブリッツ北海道ＦＣ,27,14,21,5,1,
丸尾祐太,ノルブリッツ北海道ＦＣ,27,14,21,3,0,
三苫真一郎,Ｒ．シュペルブ釧路,10,14,21,5,0,
北本将也,Ｒ．シュペルブ釧路,10,14,21,10,0,
野瀬誉斗,Ｒ．シュペルブ釧路,10,14,21,9,0,
中島和也,Ｒ．シュペルブ釧路,10,14,21,13,0,
佐藤伸一,Ｒ．シュペルブ釧路,10,14,21,12,0,
近藤将人,Ｒ．シュペルブ釧路,10,14,21,11,1,
松田涼,Ｒ．シュペルブ釧路,10,14,21,9,0,
寺倉良太,Ｒ．シュペルブ釧路,10,14,21,11,2,
山内祥樹,Ｒ．シュペルブ釧路,10,14,21,13,1,
重巣建治,Ｒ．シュペルブ釧路,10,14,21,6,2,
松浦健太郎,Ｒ．シュペルブ釧路,10,14,21,7,1,
山内誉樹,Ｒ．シュペルブ釧路,10,14,21,13,3,
米川清斗,Ｒ．シュペルブ釧路,10,14,21,7,1,
加藤大登,Ｒ．シュペルブ釧路,10,14,21,9,2,
佐藤佳月,Ｒ．シュペルブ釧路,10,14,21,2,0,
及川真吾,Ｒ．シュペルブ釧路,10,14,21,8,1,
細川龍哉,Ｒ．シュペルブ釧路,10,14,21,9,0,
野澤堅太,Ｒ．シュペルブ釧路,10,14,21,10,3,
佐賀俊之輔,Ｒ．シュペルブ釧路,10,14,21,3,1,
玉井里駆,Ｒ．シュペルブ釧路,10,14,21,2,0,
横野知臣,Ｒ．シュペルブ釧路,10,14,21,1,0,
岡田洋昌,Ｒ．シュペルブ釧路,10,14,21,1,0,
金澤圭佑,Ｒ．シュペルブ釧路,10,14,21,1,0,
川原大輝,Ｒ．シュペルブ釧路,10,14,21,1,0,
山田匠,Ｒ．シュペルブ釧路,10,14,21,4,1,
河原健太,札幌蹴球団,33,14,21,14,0,
扇宏佑,札幌蹴球団,33,14,21,7,0,
竹林伸,札幌蹴球団,33,14,21,2,0,
埜澤司,札幌蹴球団,33,14,21,12,1,
岩本卓也,札幌蹴球団,33,14,21,13,0,
関口雄与,札幌蹴球団,33,14,21,12,2,
阿部大翔,札幌蹴球団,33,14,21,14,7,
福永貴弘,札幌蹴球団,33,14,21,10,4,
石井啓太,札幌蹴球団,33,14,21,14,1,
黒田亮介,札幌蹴球団,33,14,21,14,12,
金子顕太,札幌蹴球団,33,14,21,14,8,
亀谷啓太,札幌蹴球団,33,14,21,10,2,
小川峻,札幌蹴球団,33,14,21,7,2,
小林瑠加,札幌蹴球団,33,14,21,2,0,
栃木渉利,札幌蹴球団,33,14,21,3,0,
庄内巧真,札幌蹴球団,33,14,21,11,2,
仁科佑太,札幌蹴球団,33,14,21,2,0,
成田拳斗,札幌蹴球団,33,14,21,10,4,
小玉昂輝,札幌蹴球団,33,14,21,12,2,
鈴木悠斗,札幌蹴球団,33,14,21,1,0,
羽二生健汰,札幌蹴球団,33,14,21,5,0,
福士慧亮,札幌蹴球団,33,14,21,3,0,
小野寺辰貴,札幌蹴球団,33,14,21,2,0,
本岩直樹,札幌蹴球団,33,14,21,1,0,
長谷川武紀,札幌蹴球団,33,14,21,1,0,
岩間遥,トヨタ自動車北海道サッカー部,10,14,21,13,0,31
羽田健人,トヨタ自動車北海道サッカー部,10,14,21,13,0,31
渡邊卓弥,トヨタ自動車北海道サッカー部,10,14,21,6,0,
工藤宏昭,トヨタ自動車北海道サッカー部,10,14,21,9,0,
藤髙蓮,トヨタ自動車北海道サッカー部,10,14,21,11,0,30
菊地拓朗,トヨタ自動車北海道サッカー部,10,14,21,9,2,
中島永遠,トヨタ自動車北海道サッカー部,10,14,21,12,3,32
中嶋悠人,トヨタ自動車北海道サッカー部,10,14,21,13,0,31
岸奥浩二,トヨタ自動車北海道サッカー部,10,14,21,11,0,30
伊藤直弘,トヨタ自動車北海道サッカー部,10,14,21,14,6,
瀬川瑞己,トヨタ自動車北海道サッカー部,10,14,21,12,0,31
小林寛汰,トヨタ自動車北海道サッカー部,10,14,21,8,0,
川崎聖司,トヨタ自動車北海道サッカー部,10,14,21,8,0,
伊藤崇雄,トヨタ自動車北海道サッカー部,10,14,21,3,0,
森山辰弥,トヨタ自動車北海道サッカー部,10,14,21,6,0,
吉田翔,トヨタ自動車北海道サッカー部,10,14,21,13,4,34
清水義勝,トヨタ自動車北海道サッカー部,10,14,21,9,0,
山岸大騎,トヨタ自動車北海道サッカー部,10,14,21,5,0,
平塚友啓,トヨタ自動車北海道サッカー部,10,14,21,10,0,
小薮悟史,トヨタ自動車北海道サッカー部,10,14,21,6,0,
八木沢翔斗,トヨタ自動車北海道サッカー部,10,14,21,7,0,
石亀宏巳,トヨタ自動車北海道サッカー部,10,14,21,1,0,
菅原大道,北海道十勝スカイアース,38,14,21,13,0,
吉田哲登,北海道十勝スカイアース,38,14,21,13,0,
長野聡,北海道十勝スカイアース,38,14,21,13,1,55
黒川聖平,北海道十勝スカイアース,38,14,21,14,9,
池田紘大,北海道十勝スカイアース,38,14,21,13,3,58
林洋毅,北海道十勝スカイアース,38,14,21,14,4,
ファビオ・アウグスト,北海道十勝スカイアース,38,14,21,5,0,42
喜澤隆太,北海道十勝スカイアース,38,14,21,14,4,
渋谷亮,北海道十勝スカイアース,38,14,21,14,1,50
高木俊輝,北海道十勝スカイアース,38,14,21,10,5,
松尾雄斗,北海道十勝スカイアース,38,14,21,13,17,59
高橋賢也,北海道十勝スカイアース,38,14,21,12,1,55
皆上弦輝,北海道十勝スカイアース,38,14,21,11,5,
斉藤健太,北海道十勝スカイアース,38,14,21,11,5,
山下亮介,北海道十勝スカイアース,38,14,21,1,0,45
相馬将夏,北海道十勝スカイアース,38,14,21,9,4,
餌取伸哉,北海道十勝スカイアース,38,14,21,1,0,
工藤竜平,北海道十勝スカイアース,38,14,21,7,1,
成田憲昭,北海道十勝スカイアース,38,14,21,5,1,42
永坂勇人,北海道十勝スカイアース,38,14,21,4,0,
佐藤皓生,北海道十勝スカイアース,38,14,21,1,0,
西島大介,北海道十勝スカイアース,38,14,21,1,0,
石川拓磨,北海道十勝スカイアース,38,14,21,1,0,
佐藤裕輔,日本製鉄室蘭サッカー部,21,14,21,8,0,
黒田勇統,日本製鉄室蘭サッカー部,21,14,21,14,2,
伊藤龍海,日本製鉄室蘭サッカー部,21,14,21,14,0,
高橋友弥,日本製鉄室蘭サッカー部,21,14,21,9,0,
玉谷文太,日本製鉄室蘭サッカー部,21,14,21,14,1,
原田賢汰,日本製鉄室蘭サッカー部,21,14,21,8,0,
岡部航大,日本製鉄室蘭サッカー部,21,14,21,14,13,
広瀬敦也,日本製鉄室蘭サッカー部,21,14,21,12,0,
忰部寛明,日本製鉄室蘭サッカー部,21,14,21,14,2,
坂本晋悟,日本製鉄室蘭サッカー部,21,14,21,5,0,
石川勝智,日本製鉄室蘭サッカー部,21,14,21,13,8,
坂本憲吾,日本製鉄室蘭サッカー部,21,14,21,12,1,
佐藤央,日本製鉄室蘭サッカー部,21,14,21,12,7,
富川優一,日本製鉄室蘭サッカー部,21,14,21,5,0,
安原大生,日本製鉄室蘭サッカー部,21,14,21,1,0,
大類憲,日本製鉄室蘭サッカー部,21,14,21,13,3,
田中佑耶,日本製鉄室蘭サッカー部,21,14,21,3,0,
金子健太,日本製鉄室蘭サッカー部,21,14,21,5,0,
畠山拓巳,日本製鉄室蘭サッカー部,21,14,21,10,2,
福澤英昭,日本製鉄室蘭サッカー部,21,14,21,7,0,
今野奨真,日本製鉄室蘭サッカー部,21,14,21,8,1,
高橋寛太,日本製鉄室蘭サッカー部,21,14,21,4,0,
杉本明哉,日本製鉄室蘭サッカー部,21,14,21,1,0,
岡本翔吾,北蹴会岩見沢,15,14,21,2,0,
久松秀樹,北蹴会岩見沢,15,14,21,14,1,
松田恭司郎,北蹴会岩見沢,15,14,21,11,0,
葛西大,北蹴会岩見沢,15,14,21,13,6,
平野英,北蹴会岩見沢,15,14,21,10,0,
奈良創平,北蹴会岩見沢,15,14,21,12,2,
福田圭二郎,北蹴会岩見沢,15,14,21,3,0,
坂下諄弥,北蹴会岩見沢,15,14,21,8,2,
鈴木翔,北蹴会岩見沢,15,14,21,10,3,
大西洋平,北蹴会岩見沢,15,14,21,5,3,
天野海斗,北蹴会岩見沢,15,14,21,14,2,
櫻井淳平,北蹴会岩見沢,15,14,21,12,0,
谷山由宇,北蹴会岩見沢,15,14,21,12,0,
岩田健太郎,北蹴会岩見沢,15,14,21,7,0,
船場俊介,北蹴会岩見沢,15,14,21,2,0,
須佐海士,北蹴会岩見沢,15,14,21,6,1,
後藤倫弘,北蹴会岩見沢,15,14,21,5,0,
野口祐太,北蹴会岩見沢,15,14,21,10,4,
高山幹大,北蹴会岩見沢,15,14,21,6,0,
菊地純,北蹴会岩見沢,15,14,21,5,0,
益田亘,北蹴会岩見沢,15,14,21,3,0,
上原宏太,北蹴会岩見沢,15,14,21,3,0,
谷内弘樹,北蹴会岩見沢,15,14,21,5,1,
加藤大己,北蹴会岩見沢,15,14,21,5,0,
増田光哉,北蹴会岩見沢,15,14,21,1,0,
伊東祐亮,北蹴会岩見沢,15,14,21,3,0,
小川博也,北蹴会岩見沢,15,14,21,1,0,
藤原良史,北蹴会岩見沢,15,14,21,3,1,
中川慎也,北蹴会岩見沢,15,14,21,2,0,
本間寛人,日本通運ＦＣ,14,14,21,10,0,30
松本壮平,日本通運ＦＣ,14,14,21,8,0,38
岡田智,日本通運ＦＣ,14,14,21,8,0,
梅田祐希,日本通運ＦＣ,14,14,21,11,0,
水本雄大,日本通運ＦＣ,14,14,21,6,1,
斎藤優斗,日本通運ＦＣ,14,14,21,9,0,33
池田一起,日本通運ＦＣ,14,14,21,14,1,
平山智規,日本通運ＦＣ,14,14,21,14,1,
久保明斗,日本通運ＦＣ,14,14,21,10,0,
山田庸介,日本通運ＦＣ,14,14,21,2,1,
冨田岳,日本通運ＦＣ,14,14,21,12,13,
熊谷玲斗,日本通運ＦＣ,14,14,21,12,1,
鈴木恵太郎,日本通運ＦＣ,14,14,21,7,0,35
東謙太郎,日本通運ＦＣ,14,14,21,9,1,
児玉竣一,日本通運ＦＣ,14,14,21,13,2,
佐藤智弥,日本通運ＦＣ,14,14,21,4,0,
平野洋輔,日本通運ＦＣ,14,14,21,6,3,
山室伸之輔,日本通運ＦＣ,14,14,21,11,0,
奥泉準基,日本通運ＦＣ,14,14,21,10,0,
永井聖一郎,日本通運ＦＣ,14,14,21,10,1,
浅井達郎,日本通運ＦＣ,14,14,21,11,4,
三上浩平,日本通運ＦＣ,14,14,21,4,0,
長縄真琴,日本通運ＦＣ,14,14,21,1,0,
杉山竣祐,日本通運ＦＣ,14,14,21,2,0,
坂本一輝,MIOびわこ滋賀,40,30,53,29,14,75
松田悠佑,MIOびわこ滋賀,40,30,53,20,1,65
門司涼佑,MIOびわこ滋賀,40,30,53,1,0,58
小山北斗,MIOびわこ滋賀,40,30,53,14,0,62
小野寺達也,テゲバジャーロ宮崎,41,30,53,26,1,72
石井健太,テゲバジャーロ宮崎,41,30,53,24,0,67
石田皓大,テゲバジャーロ宮崎,41,30,53,17,2,65
黒瀬純哉,テゲバジャーロ宮崎,41,30,53,5,0,59
高畑智也,松江シティFC,25,30,53,18,1,65
佐藤啓志郎,松江シティFC,25,30,53,28,1,62
中井栞吏,松江シティFC,25,30,53,24,4,62
石津優介,松江シティFC,25,30,53,0,0,52
木村憩輔,Cobaltore女川,40,18,28,6,0,
小田切啓,Cobaltore女川,40,18,28,9,2,
及川陸,Cobaltore女川,40,18,28,9,1,
宮坂瑠,Cobaltore女川,40,18,28,17,3,60
桝沢樹,Cobaltore女川,40,18,28,15,1,
山内晴貴,Cobaltore女川,40,18,28,15,2,
小川和也,Cobaltore女川,40,18,28,17,1,59
嶺岸祐介,Cobaltore女川,40,18,28,15,0,
千葉洸星,Cobaltore女川,40,18,28,4,0,
池田幸樹,Cobaltore女川,40,18,28,14,6,
鳥山祥之,Cobaltore女川,40,18,28,16,2,
吉田圭,Cobaltore女川,40,18,28,14,7,62
南口駿,Cobaltore女川,40,18,28,4,2,
梅田至,Cobaltore女川,40,18,28,4,1,
畑中秀斗,Cobaltore女川,40,18,28,12,0,
森蔭冬威,Cobaltore女川,40,18,28,0,0,
中村彦聖,Cobaltore女川,40,18,28,8,2,
遠藤一耀,Cobaltore女川,40,18,28,2,0,
速水佑一郎,Cobaltore女川,40,18,28,12,0,
高橋晃司,Cobaltore女川,40,18,28,18,4,
橋本光晟,Cobaltore女川,40,18,28,10,0,
武田晃平,Cobaltore女川,40,18,28,14,1,
野口龍也,Cobaltore女川,40,18,28,18,12,
千葉銀次郎,Cobaltore女川,40,18,28,14,3,
熊谷蘭丸,日本製鉄釜石 ,18,18,28,17,0,
新沼晃宏,日本製鉄釜石 ,18,18,28,12,0,
東海林隼,日本製鉄釜石 ,18,18,28,18,0,
小松南,日本製鉄釜石 ,18,18,28,15,0,
伊藤仁也,日本製鉄釜石 ,18,18,28,18,6,
菅原一平,日本製鉄釜石 ,18,18,28,17,0,
板澤優介,日本製鉄釜石 ,18,18,28,16,2,
簗場海史,日本製鉄釜石 ,18,18,28,10,0,
仲上達也,日本製鉄釜石 ,18,18,28,11,0,
太田代飛鳥,日本製鉄釜石 ,18,18,28,18,3,
佐藤真貴,日本製鉄釜石 ,18,18,28,6,1,
浅沼海斗,日本製鉄釜石 ,18,18,28,13,2,
本間竜耶,日本製鉄釜石 ,18,18,28,16,6,
簗場豪史,日本製鉄釜石 ,18,18,28,17,4,
齊藤真,日本製鉄釜石 ,18,18,28,2,0,
泉澤秀,日本製鉄釜石 ,18,18,28,1,0,
浅田陸,日本製鉄釜石 ,18,18,28,11,1,
佐々木大成,日本製鉄釜石 ,18,18,28,4,0,
簗場総史,日本製鉄釜石 ,18,18,28,9,0,
大江北斗,日本製鉄釜石 ,18,18,28,2,0,
内田和茂,日本製鉄釜石 ,18,18,28,3,1,
藤原直哉,日本製鉄釜石 ,18,18,28,17,1,
新沼光,日本製鉄釜石 ,18,18,28,2,0,
三上貴久,日本製鉄釜石 ,18,18,28,3,0,
山口侑也,ブランデュー弘前,43,18,28,0,0,
圍清隆 ,ブランデュー弘前,43,18,28,2,0,45
海野捷人,ブランデュー弘前,43,18,28,15,7,
川崎達也,ブランデュー弘前,43,18,28,18,4,53
宮下航輔,ブランデュー弘前,43,18,28,10,1,
濱中大,ブランデュー弘前,43,18,28,14,0,54
大塚孔偉,ブランデュー弘前,43,18,28,9,1,
沼倉幸哉,ブランデュー弘前,43,18,28,17,2,51
姜曉一,ブランデュー弘前,43,18,28,10,1,
小田桐龍也,ブランデュー弘前,43,18,28,12,3,
高橋佳,ブランデュー弘前,43,18,28,18,32,62
早乙女達海,ブランデュー弘前,43,18,28,13,9,
キム・ジョンハン,ブランデュー弘前,43,18,28,5,1,
高木輝之,ブランデュー弘前,43,18,28,5,2,
濱中力,ブランデュー弘前,43,18,28,17,0,
笠原啓夢,ブランデュー弘前,43,18,28,18,3,
小野敬輔,ブランデュー弘前,43,18,28,10,2,
根本直弥,ブランデュー弘前,43,18,28,16,3,
菊池翔太,ブランデュー弘前,43,18,28,11,0,
眞口幸太,ブランデュー弘前,43,18,28,17,5,
浅利航大,ブランデュー弘前,43,18,28,12,4,
パク・スンギ,ブランデュー弘前,43,18,28,10,1,
尾関良繁,ブランデュー弘前,43,18,28,18,0,
安田健太,猿田興業,14,18,28,18,0,30
木内瑛,猿田興業,14,18,28,18,2,31
鎌田綱太,猿田興業,14,18,28,18,0,30
目黒貴大,猿田興業,14,18,28,18,7,40
鎌田一平,猿田興業,14,18,28,15,3,
加賀谷昴貴,猿田興業,14,18,28,12,4,
伊藤大,猿田興業,14,18,28,18,1,
土屋健太,猿田興業,14,18,28,14,2,
五十嵐知弘,猿田興業,14,18,28,13,0,
熊谷琢登,猿田興業,14,18,28,17,7,
佐藤勇矢,猿田興業,14,18,28,15,0,
工藤滉哉,猿田興業,14,18,28,2,1,
戸部広夢,猿田興業,14,18,28,9,0,
菅原嵩,猿田興業,14,18,28,18,3,
江幡瞬,猿田興業,14,18,28,17,0,
菅生雄大,猿田興業,14,18,28,0,0,
鈴木銀華,猿田興業,14,18,28,10,0,
齋藤嵩,猿田興業,14,18,28,0,0,
五十嵐龍之介,盛岡ゼブラ,24,18,28,0,0,32
中島昂平,盛岡ゼブラ,24,18,28,4,0,
竹田大和,盛岡ゼブラ,24,18,28,1,0,
藤村健友,盛岡ゼブラ,24,18,28,11,0,
古谷将寛,盛岡ゼブラ,24,18,28,17,0,
岩舘貴紀,盛岡ゼブラ,24,18,28,8,0,
山谷紘大,盛岡ゼブラ,24,18,28,14,19,54
上山愛史,盛岡ゼブラ,24,18,28,12,2,
工藤大輝,盛岡ゼブラ,24,18,28,6,0,
薄井朋也,盛岡ゼブラ,24,18,28,16,0,
久保拓夢,盛岡ゼブラ,24,18,28,7,2,
滝野潤,盛岡ゼブラ,24,18,28,15,0,
戸澤祥也,盛岡ゼブラ,24,18,28,17,6,
成田大樹,盛岡ゼブラ,24,18,28,1,0,
岡村学,盛岡ゼブラ,24,18,28,6,0,
森川龍誠,盛岡ゼブラ,24,18,28,15,6,
岩田英嗣,盛岡ゼブラ,24,18,28,17,3,
伊澤久也,盛岡ゼブラ,24,18,28,14,1,
加藤浩史,盛岡ゼブラ,24,18,28,7,2,
梅村和大,盛岡ゼブラ,24,18,28,3,0,
小赤澤啓太,盛岡ゼブラ,24,18,28,18,0,
横澤匠,盛岡ゼブラ,24,18,28,16,1,
佐々木海人,盛岡ゼブラ,24,18,28,12,2,
沼倉類,盛岡ゼブラ,24,18,28,2,0,
星瑠斗,盛岡ゼブラ,24,18,28,1,0,
谷村憲一,盛岡ゼブラ,24,18,28,4,0,
岡田祐政,盛岡ゼブラ,24,18,28,13,0,
柳内俊哉,FCプリメーロ,16,18,28,3,0,
木川広道,FCプリメーロ,16,18,28,1,0,
石井秀樹,FCプリメーロ,16,18,28,12,1,
伊藤峻,FCプリメーロ,16,18,28,9,1,
古川啓太,FCプリメーロ,16,18,28,17,0,
三浦昌樹,FCプリメーロ,16,18,28,6,1,
渡部俊輔,FCプリメーロ,16,18,28,9,0,
小山啓太郎,FCプリメーロ,16,18,28,17,1,
伊東大輔,FCプリメーロ,16,18,28,17,4,
水野聡,FCプリメーロ,16,18,28,16,1,
蛭田隼,FCプリメーロ,16,18,28,4,1,
本田直樹,FCプリメーロ,16,18,28,17,6,
関将彰,FCプリメーロ,16,18,28,8,0,
西田潤,FCプリメーロ,16,18,28,7,1,
佐藤貴一,FCプリメーロ,16,18,28,1,0,
佐藤大輝,FCプリメーロ,16,18,28,12,0,
小野哲志,FCプリメーロ,16,18,28,5,0,
小池正之,FCプリメーロ,16,18,28,1,0,
皿良優介,FCプリメーロ,16,18,28,15,4,
石井正浩,FCプリメーロ,16,18,28,4,1,
小檜山泰典,FCプリメーロ,16,18,28,9,0,
渡辺和希,FCプリメーロ,16,18,28,6,0,
三浦侑大,FCプリメーロ,16,18,28,7,1,
浜尾康史,FCプリメーロ,16,18,28,6,0,
山澤誠広,FCプリメーロ,16,18,28,0,0,
大木健司,FCプリメーロ,16,18,28,4,0,
大金祐輔 ,FCプリメーロ,16,18,28,6,0,
松浦和己,FCプリメーロ,16,18,28,2,0,
菅野一輝,FCプリメーロ,16,18,28,5,0,
牧寛史,FCプリメーロ,16,18,28,8,1,
伊藤遼,FCプリメーロ,16,18,28,7,0,
増子隼人,FCプリメーロ,16,18,28,1,0,
草下聖人,FCガンジュ岩手,21,18,28,5,0,
出口捷馬,FCガンジュ岩手,21,18,28,0,0,
山元佑哉,FCガンジュ岩手,21,18,28,18,1,
中西哲也,FCガンジュ岩手,21,18,28,18,0,
高橋直希,FCガンジュ岩手,21,18,28,18,1,
三田優,FCガンジュ岩手,21,18,28,16,3,
森脇大介,FCガンジュ岩手,21,18,28,15,9,
熊谷心真,FCガンジュ岩手,21,18,28,15,7,
的場大治,FCガンジュ岩手,21,18,28,13,2,
竹田宇宙,FCガンジュ岩手,21,18,28,5,0,
大内周,FCガンジュ岩手,21,18,28,17,1,
河野匠哉,FCガンジュ岩手,21,18,28,14,0,
早水亮輔,FCガンジュ岩手,21,18,28,2,0,
大谷昭太,FCガンジュ岩手,21,18,28,18,8,
千葉光生,FCガンジュ岩手,21,18,28,16,0,
熊谷紋司,FCガンジュ岩手,21,18,28,18,9,
鹿村祥平,FCガンジュ岩手,21,18,28,15,1,
稲垣和弥,秋田FCカンビアーレ,10,18,28,1,0,12
児玉賢哉,秋田FCカンビアーレ,10,18,28,14,1,
斎藤純平,秋田FCカンビアーレ,10,18,28,1,2,14
鈴木賢,秋田FCカンビアーレ,10,18,28,17,3,
新里彰平 ,秋田FCカンビアーレ,10,18,28,5,0,
上村和也,秋田FCカンビアーレ,10,18,28,4,0,
斉藤誠,秋田FCカンビアーレ,10,18,28,13,0,
藤原健,秋田FCカンビアーレ,10,18,28,15,0,
松中尊,秋田FCカンビアーレ,10,18,28,3,0,
田中耀太,秋田FCカンビアーレ,10,18,28,1,0,
富樫豪,秋田FCカンビアーレ,10,18,28,13,9,
工藤潤平,秋田FCカンビアーレ,10,18,28,6,0,
田近晴登,秋田FCカンビアーレ,10,18,28,12,0,
大山悠斗,秋田FCカンビアーレ,10,18,28,8,1,
菅原一成,秋田FCカンビアーレ,10,18,28,18,1,
小玉翼,秋田FCカンビアーレ,10,18,28,15,0,
加賀谷海登,秋田FCカンビアーレ,10,18,28,16,0,
加藤直也,秋田FCカンビアーレ,10,18,28,16,0,
佐藤俊,秋田FCカンビアーレ,10,18,28,4,0,
小沼拓矢,秋田FCカンビアーレ,10,18,28,8,2,
鈴木健児,秋田FCカンビアーレ,10,18,28,4,0,
斎藤聡一郎,秋田FCカンビアーレ,10,18,28,2,0,13
菊池広之,秋田FCカンビアーレ,10,18,28,17,1,
犬上匠,秋田FCカンビアーレ,10,18,28,17,1,
飯塚颯太,秋田FCカンビアーレ,10,18,28,2,0,13
桑田大幹,福井ユナイテッド ,40,14,25,6,2,
高橋巧,Ｊ．ＦＣ ＭＩＹＡＺＡＫＩ,46,18,29,18,0,
チェボンウォン,Ｊ．ＦＣ ＭＩＹＡＺＡＫＩ,46,18,29,16,1,
川上典洋,Ｊ．ＦＣ ＭＩＹＡＺＡＫＩ,46,18,29,18,3,
柳星旭,Ｊ．ＦＣ ＭＩＹＡＺＡＫＩ,46,18,29,11,0,
徳重翔大,Ｊ．ＦＣ ＭＩＹＡＺＡＫＩ,46,18,29,13,1,
小松峻輔,Ｊ．ＦＣ ＭＩＹＡＺＡＫＩ,46,18,29,17,1,
高瀬廉,Ｊ．ＦＣ ＭＩＹＡＺＡＫＩ,46,18,29,13,0,
白坂拓也,Ｊ．ＦＣ ＭＩＹＡＺＡＫＩ,46,18,29,18,5,
神田傑,Ｊ．ＦＣ ＭＩＹＡＺＡＫＩ,46,18,29,16,6,
松本祐樹,Ｊ．ＦＣ ＭＩＹＡＺＡＫＩ,46,18,29,2,2,
無津呂武瑠,Ｊ．ＦＣ ＭＩＹＡＺＡＫＩ,46,18,29,18,14,
橋本辰哉,Ｊ．ＦＣ ＭＩＹＡＺＡＫＩ,46,18,29,2,0,
佐野裕哉,Ｊ．ＦＣ ＭＩＹＡＺＡＫＩ,46,18,29,12,0,
盛田享佑,Ｊ．ＦＣ ＭＩＹＡＺＡＫＩ,46,18,29,13,1,
田中正也,Ｊ．ＦＣ ＭＩＹＡＺＡＫＩ,46,18,29,16,2,
山田晃輔,Ｊ．ＦＣ ＭＩＹＡＺＡＫＩ,46,18,29,5,0,
鈴木将馬,Ｊ．ＦＣ ＭＩＹＡＺＡＫＩ,46,18,29,14,5,
黒津勝,Ｊ．ＦＣ ＭＩＹＡＺＡＫＩ,46,18,29,15,4,
重富朝登,Ｊ．ＦＣ ＭＩＹＡＺＡＫＩ,46,18,29,0,0,
尾崎就斗,Ｊ．ＦＣ ＭＩＹＡＺＡＫＩ,46,18,29,5,0,
大石駿之介,Ｊ．ＦＣ ＭＩＹＡＺＡＫＩ,46,18,29,1,0,
橘木勇弥,Ｊ．ＦＣ ＭＩＹＡＺＡＫＩ,46,18,29,9,3,
金贊圭,Ｊ．ＦＣ ＭＩＹＡＺＡＫＩ,46,18,29,0,0,
ヒューエルオリベイラ,Ｊ．ＦＣ ＭＩＹＡＺＡＫＩ,46,18,29,5,0,
南早人,九州総合スポーツカレッジ,5,18,29,7,0,
竹田竣,九州総合スポーツカレッジ,5,18,29,17,0,
越智礼雄,九州総合スポーツカレッジ,5,18,29,18,0,40
外薗澪,九州総合スポーツカレッジ,5,18,29,18,0,40
鳥越光,九州総合スポーツカレッジ,5,18,29,18,2,42
藤田翔輝,九州総合スポーツカレッジ,5,18,29,16,0,
本田陽司,九州総合スポーツカレッジ,5,18,29,13,3,
姫野烈也,九州総合スポーツカレッジ,5,18,29,6,3,
片渕隆仁,九州総合スポーツカレッジ,5,18,29,14,2,
有馬海斗,九州総合スポーツカレッジ,5,18,29,17,0,
佐多和紀,九州総合スポーツカレッジ,5,18,29,15,0,
山元虹稀,九州総合スポーツカレッジ,5,18,29,12,0,
山本真乃介,九州総合スポーツカレッジ,5,18,29,8,0,
川野凌斗,九州総合スポーツカレッジ,5,18,29,5,0,
沼田翔弥,九州総合スポーツカレッジ,5,18,29,4,0,21
運天ひかる,九州総合スポーツカレッジ,5,18,29,16,0,38
河田奨央,九州総合スポーツカレッジ,5,18,29,4,0,21
來和生,九州総合スポーツカレッジ,5,18,29,2,0,20
甲斐雄大,九州総合スポーツカレッジ,5,18,29,12,0,
川﨑脩斗,九州総合スポーツカレッジ,5,18,29,16,2,40
中園翔馬,九州総合スポーツカレッジ,5,18,29,5,0,
福井雄也,九州総合スポーツカレッジ,5,18,29,2,0,20
徳留暁,九州総合スポーツカレッジ,5,18,29,0,0,20
砂辺龍也,九州総合スポーツカレッジ,5,18,29,7,0,
村本海斗,九州総合スポーツカレッジ,5,18,29,2,0,20
葛城徹,日本製鉄大分サッカー部,25,18,29,11,0,
坂本拓也,日本製鉄大分サッカー部,25,18,29,4,1,
戸高航汰,日本製鉄大分サッカー部,25,18,29,18,0,
杉園恭平,日本製鉄大分サッカー部,25,18,29,16,1,
奴井名佑真,日本製鉄大分サッカー部,25,18,29,13,0,
西出隼也,日本製鉄大分サッカー部,25,18,29,18,6,
安東潤基,日本製鉄大分サッカー部,25,18,29,18,0,
本村優太,日本製鉄大分サッカー部,25,18,29,15,0,
山本卓斗,日本製鉄大分サッカー部,25,18,29,16,2,
清武勇太,日本製鉄大分サッカー部,25,18,29,17,5,
財津雄太,日本製鉄大分サッカー部,25,18,29,17,5,
古賀友將,日本製鉄大分サッカー部,25,18,29,7,0,
林敬洋,日本製鉄大分サッカー部,25,18,29,0,0,
武原尚貴,日本製鉄大分サッカー部,25,18,29,5,0,
髙口滉之介,日本製鉄大分サッカー部,25,18,29,13,0,
安藤繁,日本製鉄大分サッカー部,25,18,29,11,0,
渕野怜紋,日本製鉄大分サッカー部,25,18,29,1,0,
川野隼,日本製鉄大分サッカー部,25,18,29,18,5,
工藤良平,日本製鉄大分サッカー部,25,18,29,16,1,
矢野達也,日本製鉄大分サッカー部,25,18,29,16,1,
柴北亮洋,日本製鉄大分サッカー部,25,18,29,1,0,
横山卓郎,日本製鉄大分サッカー部,25,18,29,12,3,
谷口寛汰,日本製鉄大分サッカー部,25,18,29,0,0,
高野賢吾,日本製鉄大分サッカー部,25,18,29,2,0,
宇野能功,日本製鉄大分サッカー部,25,18,29,8,1,
與那城慧太,海邦銀行サッカークラブ,26,18,29,9,0,
津波古充国,海邦銀行サッカークラブ,26,18,29,15,0,
櫻井豪流,海邦銀行サッカークラブ,26,18,29,18,0,
仲宗根知弘,海邦銀行サッカークラブ,26,18,29,17,1,
與那嶺偉,海邦銀行サッカークラブ,26,18,29,11,2,
照屋靖人,海邦銀行サッカークラブ,26,18,29,18,2,
比嘉雄作,海邦銀行サッカークラブ,26,18,29,13,0,
島優也,海邦銀行サッカークラブ,26,18,29,18,3,
恩納正気,海邦銀行サッカークラブ,26,18,29,4,1,
島袋貴男,海邦銀行サッカークラブ,26,18,29,4,1,
上原大輔,海邦銀行サッカークラブ,26,18,29,15,1,
佐久川広也,海邦銀行サッカークラブ,26,18,29,5,1,
吉元雅人,海邦銀行サッカークラブ,26,18,29,4,0,
玉城竜馬,海邦銀行サッカークラブ,26,18,29,18,6,
仲西守,海邦銀行サッカークラブ,26,18,29,10,0,
赤嶺良賢,海邦銀行サッカークラブ,26,18,29,13,1,
川満陸,海邦銀行サッカークラブ,26,18,29,18,10,
真栄城兼哉,海邦銀行サッカークラブ,26,18,29,2,0,
與那城昴太,海邦銀行サッカークラブ,26,18,29,10,0,
吉嶺文啓,海邦銀行サッカークラブ,26,18,29,12,4,
善平輔,海邦銀行サッカークラブ,26,18,29,10,0,
新田呂,海邦銀行サッカークラブ,26,18,29,2,0,
髙江洲昇,海邦銀行サッカークラブ,26,18,29,6,0,
平田尚史,海邦銀行サッカークラブ,26,18,29,10,0,
比嘉啓人,海邦銀行サッカークラブ,26,18,29,1,0,
高良清和,海邦銀行サッカークラブ,26,18,29,1,0,
波平真洋,海邦銀行サッカークラブ,26,18,29,3,0,
秦賢二,海邦銀行サッカークラブ,26,18,29,1,1,
木村壮宏,NIFS KANOYA FC,24,18,29,13,0,
井上航太郎,NIFS KANOYA FC,24,18,29,5,0,
北野竜也,NIFS KANOYA FC,24,18,29,2,0,
益丸健吾,NIFS KANOYA FC,24,18,29,16,3,
小原陸,NIFS KANOYA FC,24,18,29,16,2,
河野諒太,NIFS KANOYA FC,24,18,29,16,2,
中村泰我,NIFS KANOYA FC,24,18,29,13,0,
鈴木佑里,NIFS KANOYA FC,24,18,29,15,1,
蓁原脩平,NIFS KANOYA FC,24,18,29,17,0,
向井遼児,NIFS KANOYA FC,24,18,29,17,6,
吉村浩介,NIFS KANOYA FC,24,18,29,10,1,
北村健,NIFS KANOYA FC,24,18,29,0,0,
木下直,NIFS KANOYA FC,24,18,29,5,0,
中上拓海,NIFS KANOYA FC,24,18,29,18,3,
西川大晴,NIFS KANOYA FC,24,18,29,10,2,
江藤雄大,NIFS KANOYA FC,24,18,29,9,1,
大戸智孔,NIFS KANOYA FC,24,18,29,2,0,
古川右京,NIFS KANOYA FC,24,18,29,6,0,
森元直施,NIFS KANOYA FC,24,18,29,5,0,
長岡拓実,NIFS KANOYA FC,24,18,29,5,0,
土井颯一郎,NIFS KANOYA FC,24,18,29,2,0,
野中大貴,NIFS KANOYA FC,24,18,29,11,2,
仲辻勢生,NIFS KANOYA FC,24,18,29,8,0,
水野智大,NIFS KANOYA FC,24,18,29,13,3,
仲間圭,NIFS KANOYA FC,24,18,29,6,0,
植田恭生,NIFS KANOYA FC,24,18,29,9,2,
濱口康平,NIFS KANOYA FC,24,18,29,6,0,
西澤和馬,NIFS KANOYA FC,24,18,29,1,0,
千原凌,NIFS KANOYA FC,24,18,29,1,0,
谷元太,川副クラブ,20,18,29,15,0,
重富崚平,川副クラブ,20,18,29,18,1,
岩下洋平,川副クラブ,20,18,29,12,0,
小林悟史,川副クラブ,20,18,29,15,0,
田中功一,川副クラブ,20,18,29,17,11,
武生秀人,川副クラブ,20,18,29,14,1,
森哲哉,川副クラブ,20,18,29,3,0,
岡明広,川副クラブ,20,18,29,15,0,
山口伸,川副クラブ,20,18,29,7,0,
世利雄樹,川副クラブ,20,18,29,16,2,
廣瀬大輔,川副クラブ,20,18,29,13,3,
後藤惇志,川副クラブ,20,18,29,0,0,
藤光俊彰,川副クラブ,20,18,29,5,0,
中尾祐輔,川副クラブ,20,18,29,8,0,
谷口政昭,川副クラブ,20,18,29,12,0,
山口元治,川副クラブ,20,18,29,5,0,
諸岡佑輔,川副クラブ,20,18,29,15,2,
村岡勇太,川副クラブ,20,18,29,15,0,
江口健一,川副クラブ,20,18,29,8,1,
徳永遼太郎,川副クラブ,20,18,29,3,0,
江頭弘太,川副クラブ,20,18,29,5,0,
中尾弘樹,川副クラブ,20,18,29,1,0,
尾崎悠,川副クラブ,20,18,29,1,0,
角康平,川副クラブ,20,18,29,14,3,
光宗佑真,川副クラブ,20,18,29,2,0,
廣重裕也,川副クラブ,20,18,29,3,0,
宮本朋輝,熊本県教員蹴友団,27,18,29,7,0,
永田一真,熊本県教員蹴友団,27,18,29,17,0,
有江一矢,熊本県教員蹴友団,27,18,29,8,0,
志水貴彦,熊本県教員蹴友団,27,18,29,15,3,
大塚翔太,熊本県教員蹴友団,27,18,29,18,7,
大塚寛史,熊本県教員蹴友団,27,18,29,16,3,
塩田涼,熊本県教員蹴友団,27,18,29,14,6,
富永圭一,熊本県教員蹴友団,27,18,29,6,0,
長浦卓也,熊本県教員蹴友団,27,18,29,8,0,
鈴木田一喜,熊本県教員蹴友団,27,18,29,17,0,
堤隆裕,熊本県教員蹴友団,27,18,29,15,6,
原利洋,熊本県教員蹴友団,27,18,29,1,0,
肝付英臣,熊本県教員蹴友団,27,18,29,11,0,
有内寛生,熊本県教員蹴友団,27,18,29,13,2,
宮田勇,熊本県教員蹴友団,27,18,29,3,0,
青木太,熊本県教員蹴友団,27,18,29,3,0,
日元大貴,熊本県教員蹴友団,27,18,29,1,0,
上園拓也,熊本県教員蹴友団,27,18,29,14,0,
小野耕平,熊本県教員蹴友団,27,18,29,13,1,
福邑健仁,熊本県教員蹴友団,27,18,29,14,0,
杉本良二,熊本県教員蹴友団,27,18,29,1,0,
稲本博久,熊本県教員蹴友団,27,18,29,3,0,
越川颯太,熊本県教員蹴友団,27,18,29,6,0,
上野恭平,熊本県教員蹴友団,27,18,29,4,0,
中山恵太,熊本県教員蹴友団,27,18,29,0,0,
隅田純一,熊本県教員蹴友団,27,18,29,6,0,
山城朋大,熊本県教員蹴友団,27,18,29,1,0,
池田辰哉,熊本県教員蹴友団,27,18,29,1,0,
坂本裕也,佐賀LIXIL FC,29,18,29,10,0,
一ノ瀬慶太,佐賀LIXIL FC,29,18,29,15,0,
橋口大樹,佐賀LIXIL FC,29,18,29,15,0,
林隆介,佐賀LIXIL FC,29,18,29,17,0,
秀嶋完太,佐賀LIXIL FC,29,18,29,18,8,
清田芳浩,佐賀LIXIL FC,29,18,29,17,3,
安冨将太,佐賀LIXIL FC,29,18,29,6,2,
山本祐太,佐賀LIXIL FC,29,18,29,17,0,
村中拳斗,佐賀LIXIL FC,29,18,29,18,2,
今宮健太,佐賀LIXIL FC,29,18,29,16,1,
砂田琢己,佐賀LIXIL FC,29,18,29,17,1,
木原智典,佐賀LIXIL FC,29,18,29,0,0,
松尾栄次,佐賀LIXIL FC,29,18,29,1,0,
時田元気,佐賀LIXIL FC,29,18,29,18,4,
山崎敏也,佐賀LIXIL FC,29,18,29,10,0,
三宅大樹,佐賀LIXIL FC,29,18,29,12,0,
松本翼,佐賀LIXIL FC,29,18,29,10,4,
武部壮馬,佐賀LIXIL FC,29,18,29,15,10,
前田賢四朗,佐賀LIXIL FC,29,18,29,3,0,
佐藤大地,佐賀LIXIL FC,29,18,29,5,0,
川原隆広,佐賀LIXIL FC,29,18,29,10,0,
碓井健平,沖縄ＳＶ,51,18,29,14,0,
岡根直哉,沖縄ＳＶ,51,18,29,18,3,68
石川和磨,沖縄ＳＶ,51,18,29,18,1,60
原隆生,沖縄ＳＶ,51,18,29,18,1,
安藝正俊,沖縄ＳＶ,51,18,29,18,2,60
関恭範,沖縄ＳＶ,51,18,29,18,7,
西澤代志也,沖縄ＳＶ,51,18,29,15,2,64
秋本和希,沖縄ＳＶ,51,18,29,18,5,
高柳一誠,沖縄ＳＶ,51,18,29,18,0,
山内達朗,沖縄ＳＶ,51,18,29,18,18,63
宮坂淳也,沖縄ＳＶ,51,18,29,10,3,
矢野大樹,沖縄ＳＶ,51,18,29,5,0,
中澤峻哉,沖縄ＳＶ,51,18,29,6,0,45
豊里浩希,沖縄ＳＶ,51,18,29,6,0,45
三羽悠矢,沖縄ＳＶ,51,18,29,18,0,55
高柳昌賢,沖縄ＳＶ,51,18,29,17,4,62
高原直泰,沖縄ＳＶ,51,18,29,11,7,68
前田俊介,沖縄ＳＶ,51,18,29,16,4,60
北野智貴,沖縄ＳＶ,51,18,29,3,0,
牧野悟,沖縄ＳＶ,51,18,29,16,7,
矢野悠希,沖縄ＳＶ,51,18,29,0,0,38
重富大輔,九州三菱自動車サッカー部,17,18,29,7,0,
倉富裕也,九州三菱自動車サッカー部,17,18,29,7,0,31
成良拓真,九州三菱自動車サッカー部,17,18,29,17,0,37
青木利博,九州三菱自動車サッカー部,17,18,29,18,1,
鳥原一樹,九州三菱自動車サッカー部,17,18,29,18,2,
濱中祐輔,九州三菱自動車サッカー部,17,18,29,16,2,39
福田量司,九州三菱自動車サッカー部,17,18,29,18,0,
郷司宏貴,九州三菱自動車サッカー部,17,18,29,18,3,41
柄本一輝,九州三菱自動車サッカー部,17,18,29,17,4,42
西原泰弘,九州三菱自動車サッカー部,17,18,29,18,2,39
畠中慎太郎,九州三菱自動車サッカー部,17,18,29,16,2,39
美谷泰生,九州三菱自動車サッカー部,17,18,29,7,0,
柴田奨,九州三菱自動車サッカー部,17,18,29,5,0,
吉野慎治,九州三菱自動車サッカー部,17,18,29,12,0,
久保考輝,九州三菱自動車サッカー部,17,18,29,4,0,
岩野徹平,九州三菱自動車サッカー部,17,18,29,4,0,28
大塚隆二,九州三菱自動車サッカー部,17,18,29,4,0,28
高木啓将,九州三菱自動車サッカー部,17,18,29,17,0,
東條奏,九州三菱自動車サッカー部,17,18,29,14,0,
野村章悟,九州三菱自動車サッカー部,17,18,29,12,0,
小笠原幸二,大宮サッカークラブ,52,18,12,17,0,36
中村峻,大宮サッカークラブ,52,18,12,6,0,
三浦俊介,大宮サッカークラブ,52,18,12,11,0,
久保海都,大宮サッカークラブ,52,18,12,15,3,37
鈴木希志郎,大宮サッカークラブ,52,18,12,15,0,35
菊池賢人,大宮サッカークラブ,52,18,12,12,2,
青砥大輝,大宮サッカークラブ,52,18,12,15,23,42
橋本紘希,大宮サッカークラブ,52,18,12,16,5,39
小野寺真太朗,大宮サッカークラブ,52,18,12,10,1,
尾久一太,大宮サッカークラブ,52,18,12,14,5,38
石川泰樹,大宮サッカークラブ,52,18,12,13,10,40
吉田光野,大宮サッカークラブ,52,18,12,9,1,
小笠原寛,大宮サッカークラブ,52,18,12,18,1,34
福島大地,大宮サッカークラブ,52,18,12,13,1,32
江口祥武,大宮サッカークラブ,52,18,12,15,1,32
千葉功太郎,大宮サッカークラブ,52,18,12,6,2,
菊池大地,大宮サッカークラブ,52,18,12,13,1,
千葉書也,大宮サッカークラブ,52,18,12,14,0,
城澤優斗,大宮サッカークラブ,52,18,12,12,6,
大場蒼,大宮サッカークラブ,52,18,12,4,0,16
齋藤俊彰,大宮サッカークラブ,52,18,12,1,0,15
滝本祐樹,大宮サッカークラブ,52,18,12,3,0,15
岩本大樹,大宮サッカークラブ,52,18,12,8,1,
